,OPTIMIZATION 0,OPTIMIZATION 1,OPTIMIZATION 2,OPTIMIZATION 3
Sequential Means,1046.06546025,551.812976,567.56456825,678.4503595
Parallel Means,19.4796785,19.11119575,19.60080375,19.88586875
