,BLOCKSIZE 64,BLOCKSIZE 128,BLOCKSIZE 256,BLOCKSIZE 512
Execution Time,20.71831525,20.29491325,20.04873825,21.5253485
